{
  "distancias": [
    0.0,
    3.391893,
    7.3325863,
    12.018986,
    8.047744
  ],
  "predecesores": [
    -1,
    1,
    2,
    3,
    1
  ]
}