{
  "distances": [
    0.0,
    1.8870354,
    4.2892256,
    0.7204312,
    4.015786
  ],
  "predecessors": [
    -1,
    1,
    1,
    1,
    4
  ]
}