{
  "distancias": [
    [
      0.0,
      3.391893,
      7.3325863,
      12.018986,
      8.047744
    ],
    [
      5.7916784,
      0.0,
      3.9406931,
      8.627092,
      6.157369
    ],
    [
      1.8509853,
      5.242878,
      0.0,
      4.686399,
      7.4279695
    ],
    [
      4.939665,
      8.331557,
      3.0886793,
      0.0,
      2.7415705
    ],
    [
      3.9664454,
      7.3583384,
      9.239494,
      13.925894,
      0.0
    ]
  ],
  "siguiente": [
    [
      -1,
      2,
      2,
      2,
      5
    ],
    [
      3,
      -1,
      3,
      3,
      5
    ],
    [
      1,
      1,
      -1,
      4,
      4
    ],
    [
      3,
      3,
      3,
      -1,
      5
    ],
    [
      1,
      1,
      3,
      3,
      -1
    ]
  ]
}