{
  "distancias": [
    [
      0.0,
      1.8870354,
      4.2892256,
      0.7204312,
      4.015786
    ],
    [
      7.388063,
      0.0,
      4.8751745,
      7.0104504,
      10.305805
    ],
    [
      8.620779,
      5.7465653,
      0.0,
      9.34121,
      8.36667
    ],
    [
      8.72893,
      6.5691257,
      6.8563056,
      0.0,
      3.2953548
    ],
    [
      10.661834,
      3.2737708,
      3.5609508,
      6.854729,
      0.0
    ]
  ],
  "siguiente": [
    [
      -1,
      2,
      3,
      4,
      4
    ],
    [
      1,
      -1,
      3,
      4,
      4
    ],
    [
      1,
      2,
      -1,
      1,
      5
    ],
    [
      1,
      5,
      5,
      -1,
      5
    ],
    [
      2,
      2,
      3,
      4,
      -1
    ]
  ]
}